state_code_s!,state_name_s,cs_jobs_i,growth_vs_average_f,cs_graduates_i,count_schools_teach_cs_i,job_student_gap_i,state_plan_s,cs_counts_t,cs_teacher_cert_s,cs_standards_s,pd_funding_s,pre_service_s,state_position_s,require_hs_s,require_k12_s,higher_ed_entrance_s,text_t,petition_url_t,action_url_s,action_text_s,avg_sal_computing_i,sal_x_jobs_bi,avg_sal_all_i,preservice_prepared_i,percent_female_cs_grad_i,percent_cs_exams_f,ap_cs_exams_i,percent_ap_female_i,ap_hispanic_i,ap_black_i,ap_native_american_i,ap_hawaiian_i,total_ap_students_color_i,schools_ap_cs_i,percent_schools_ap_cs_i,number_additional_schools_i,ap_csa_exams_i,percent_ap_csa_female_i,ap_csa_hispanic_i,ap_csa_black_i,ap_csa_native_american_i,ap_csa_hawaiian_i,percent_schools_ap_csa_i,ap_csp_exams_i,percent_ap_csp_female_i,ap_csp_hispanic_i,ap_csp_black_i,ap_csp_native_american_i,ap_csp_hawaiian_i,percent_schools_ap_csp_i,principals_core_i,principals_barrier_s,website_url_s,school_district_partners_t,professional_learning_partners_t,other_partners_t,num_affiliates_i,num_elementary_trained_i,num_ecs_csd_i,num_csp_i,num_ms_trained_i,num_hs_trained_i,es_using_codeorg_i,ms_using_codeorg_i,hs_using_codeorg_i,female_codeorg_i,urm_codeorg_i,rural_codeorg_i,highneed_codeorg_i,num_hoc_i,ap_calc_i,ap_bio_i,ap_phy_i,ap_stats_i,ap_chem_i,ap_env_sci_i,ap_cs_i,student_studio_acct_i,teacher_studio_acct_i,policy_0_t,policy_1_t,policy_2_t,policy_3_t,policy_4_t,policy_5_t,policy_6_t,policy_7_t,policy_8_t,pd_funding_exception_s,require_hs_exception_s,cs_standards_exception_s,ecep_name_s,ecep_email_s,ecep_name_2_s,ecep_email_2_s,ecep_url_s,code_name_s,code_email_s
AK,Alaska,701,2.9,33,19,-668,No,Other,No,Yes,No,No,No,No,No,No,,,,NA,72323,50698388,57750,0,0%,1.07%,115,25%,14,1,3,0,18,8,9%,2,27,37%,2,0,0,0,1%,88,22%,12,1,3,0,9%,0,No,www.code.org/promote/AK,no school districts in the state,Alaska Staff Development Network,none,2,324,0,1,0,0,16,11,8,44,50,38,42,147000,789,264,288,273,308,104,60,50610,2155,,,,,,,,"Alaska has passed policy that is permissive and encouraging for schools to allow computer science to count for a core graduation requirement, but it is not a requirement for schools. Find out how Alaska allows computer science to count towards graduation at http://bit.ly/9policies.",,,,,NA,NA,NA,NA,NA,Maggie Glennon,maggie@code.org
AL,Alabama,5073,4,614,38,-4459,Other,Yes,Yes,Yes,Yes,No,No,Yes,Yes,Yes,,,,NA,84739,429879425,43170,0,20%,0.59%,2017,32%,119,245,16,3,383,104,30%,18,410,20%,22,29,2,1,8%,1607,35%,97,216,14,2,29%,69%,Other,www.code.org/promote/AL,no school districts in the state,A+ College Ready,none,11,2742,105,110,0,31,20,16,16,45,41,44,54,779000,4065,4556,2144,1890,3189,1335,303,345862,9867,Alabama is in the process of developing a state plan for K-12 computer science.,,,,,,,,,,,,Jeff Gray,gray@cs.ua.edu,NA,NA,NA,Sean Roberts,sean@code.org
AR,Arkansas,2594,4.4,350,78,-2244,Yes,Yes,Yes,Yes,Yes,Yes,Yes,Yes,Yes,Yes,,,,NA,72085,186987660,40530,0,15%,0.64%,1261,31%,129,134,11,3,277,59,19%,9,480,27%,53,51,3,2,10%,781,33%,76,83,8,1,15%,73%,No,www.code.org/promote/AR,no school districts in the state,none,none,2,2286,0,1,0,1,35,33,23,48,38,54,75,419000,2991,2884,1818,1859,1722,1025,304,340482,6998,,,,,,,,,,,,,Anthony Owen,anthony.owen@arkansas.gov,NA,NA,http://www.arkansased.gov/divisions/special-projects/arkansas-computer-science-initiative,Katie Hendrickson,katie@code.org
AZ,Arizona,8785,2.6,814,0,-7971,No,Other,Yes,Other,Yes,No,No,No,No,No,,,,NA,87434,768111292,48160,0,16%,0.65%,1108,24%,252,23,8,1,284,65,19%,13,487,21%,69,4,2,0,12%,621,26%,183,19,6,1,15%,63%,Other,www.code.org/promote/AZ,Paradise Valley Unified School District and Phoenix Union High School District,Arizona Science Center,none,8,3184,121,62,10,39,25,22,8,44,60,15,45,993000,6745,3239,4012,2082,2222,973,438,591306,14015,,Arizona is in the process of developing K-12 computer science standards.,,,,,,"Arizona has passed policy that is permissive and encouraging for schools to allow computer science to count for a core graduation requirement, but it is not a requirement for schools.",,,,K-12 CS standards in progress,NA,NA,NA,NA,NA,Alexis Harrigan,alexis@code.org
CA,California,67863,3.3,6236,47,-61627,Yes,Other,Yes,Yes,Other,No,No,No,No,Yes,,,,NA,112491,7633979448,57190,0,18%,1.38%,24612,30%,5987,479,23,53,6542,685,28%,105,11458,27%,1740,167,9,24,20%,13154,33%,4247,312,14,29,20%,70%,Other,www.code.org/promote/CA,"Alliance College Ready Public Schools, Anaheim Union High School District, Benicia Unified School District, Brentwood Union School District, Cajon Valley School District, Calistoga Joint Unified School District, Central Unified School District, Corona-Norco Unified School District, Covina Valley Unified School District, Fairfield-Suisun Unified School District, Fontana Unified School District, Granada Hills Charter High School, John Swett Unified School District, Jurupa Unified School District, Liberty Union High School District, Los Angeles Unified School District, Martinez Unified School District, Moraga Elementary School District, Mt. Diablo Unified School District, Oakland Unified Public Schools, Orange Unified School District, Perris Union High School District, Pittsburg Unified School District, Placentia-Yorba Linda Union School District, Riverside Unified School District, Saddleback Valley Unified School District, San Jacinto Unified School District, Temecula Valley Unified School District, Val Verde Unified School District, and Whittier Union High School District","Contra Costa County Office of Education, Fresno County Superintendent of Schools, Los Angeles Unified School District, Riverside County Office of Education, Sacramento County Office of Education, Silicon Valley Education Foundation, University of California San Diego CREATE, and USC Viterbi School of Engineering",none,58,10967,536,391,121,247,24,19,11,43,60,7,63,11345000,74006,38045,32699,32145,21572,26444,10244,2847137,78070,,,California encourages the use of state funds for computer science or computer science professional development. California has an opportunity to expand computer science by designating state funds for computer science.,,,,,"California has passed policy that is permissive and encouraging for schools to allow computer science to count for a core graduation requirement, but it is not a requirement for schools.",,Encourages the use of state funds for CS PD but no dedicated funding,,,Debra Richardson,djr@ics.uci.edu,Julie Flapan,flapan@gseis.ucla.edu,http://access-ca.org/,Alexis Harrigan,alexis@code.org
CO,Colorado,15484,2.6,1021,0,-14463,Other,Other,No,No,Yes,No,Yes,No,No,Yes,,,,NA,99921,1547173667,54050,1,17%,0.97%,1919,24%,300,49,8,2,359,129,35%,33,791,21%,76,15,4,0,19%,1128,27%,224,34,4,2,27%,61%,Yes,www.code.org/promote/CO,Denver Public Schools and Douglas County Schools,mindSpark Learning,none,16,1200,115,73,0,15,16,16,15,43,43,18,33,1881000,8517,4015,4766,3778,2818,2490,780,412880,7874,Colorado is in the process of developing a state plan for K-12 computer science.,,,,,,,"Colorado has passed policy that is permissive and encouraging for schools to allow computer science to count for a core graduation requirement, but it is not a requirement for schools.",,,,,NA,NA,NA,NA,NA,Alexis Harrigan,alexis@code.org
CT,Connecticut,5461,3.1,533,0,-4928,Other,No,Yes,Yes,No,Yes,Yes,Yes,Yes,No,,,,NA,97020,529826548,59410,0,18%,1.46%,2370,28%,251,108,1,1,361,116,43%,20,1075,24%,87,29,0,0,29%,1295,32%,164,79,1,1,30%,66%,Yes,www.code.org/promote/CT,no school districts in the state,Sacred Heart University,none,2,891,9,13,0,2,17,15,6,47,53,13,28,941000,6314,3967,4492,3781,2552,2000,939,264556,5144,Connecticut is in the process of developing a state plan for K-12 computer science.,,,,,,,,,,,,Chinma Uche,cuche@crec.org,Seth R Freeman,sfreeman@ccc.commnet.edu,NA,Sean Roberts,sean@code.org
DC,District of Columbia,11524,4.2,202,20,-11322,No,Other,Yes,No,No,No,No,No,No,No,,,,NA,112017,1290884484,85720,0,28%,1.51%,364,34%,44,145,0,0,189,17,30%,2,196,23%,20,62,0,0,21%,168,47%,24,83,0,0,17%,0,No,www.code.org/promote/DC,no school districts in the state,none,none,0,58,0,2,0,0,13,7,12,48,83,0,100,155000,911,567,587,424,378,509,176,58339,1512,,,,,,,,"District of Columbia allows computer science to count for a core graduation requirement. This policy is not written down and publicly accessible, but we are working with them to release public documentation.",,,,,NA,NA,NA,NA,NA,Pat Yongpradit,pat@code.org
DE,Delaware,1744,2.6,194,65,-1550,No,Yes,No,Yes,No,No,No,Yes,No,No,,,,NA,95418,166409044,52200,0,22%,1.38%,394,22%,33,29,2,0,64,23,35%,9,170,18%,13,8,1,0,13%,224,25%,20,21,1,0,28%,0,No,www.code.org/promote/DE,no school districts in the state,none,none,0,78,0,2,0,0,21,23,29,44,40,28,25,225000,1178,812,592,844,521,420,166,102418,1724,,,,,,,,,,,,,NA,NA,NA,NA,NA,Pat Yongpradit,pat@code.org
FL,Florida,17695,2.6,2986,30,-14709,No,Yes,Yes,Yes,Yes,No,Yes,Yes,No,No,,,,NA,80276,1420486651,44790,0,18%,0.71%,10617,28%,3385,1006,21,12,4424,315,28%,74,2645,22%,734,140,5,2,15%,7972,30%,2651,866,16,10,24%,67%,No,www.code.org/promote/FL,"Broward County Schools, Duval County Public Schools, Miami-Dade County Public Schools, One Clay County School District, School District of Clay County, School District of Palm Beach County, and Florida International University School of Computing and Information Sciences ","Broward County Public Schools, Florida International University, Orlando Science Center, Tampa Bay STEM Network, and University of North Florida",none,45,6824,337,232,140,259,20,13,11,43,59,13,58,3571000,20506,13774,12671,13261,7635,16625,2688,1348459,38894,,,,,,,,,,,,,NA,NA,NA,NA,NA,Sean Roberts,sean@code.org
GA,Georgia,17854,3,2279,52,-15575,Yes,Yes,Yes,Other,Yes,Yes,Yes,Yes,No,Yes,,,,NA,90913,1623157488,47200,0,19%,1.19%,4952,27%,499,503,7,6,1015,177,28%,23,2095,25%,165,178,3,1,22%,2857,28%,334,325,4,5,19%,71%,Yes,www.code.org/promote/GA,"Fayette County Public Schools, Forsyth County Schools, Fulton County Schools, and Gwinnett County Public Schools","Georgia Tech Center for Education Integrating Science, Mathematics, and Computing",none,15,3277,92,115,38,73,25,17,18,44,54,33,61,2211000,11781,8298,8379,7671,4528,7380,2033,925042,21155,,Georgia has Kâ€“8 computer science standards and is in the process of developing a document aligning K-12 computer science standards.,,,,,,,,,,K-12 CS standards in progress,Bryan Cox,bcox@doe.k12.ga.us,NA,NA,NA,Sean Roberts,sean@code.org
HI,Hawaii,1365,3.9,134,47,-1231,Yes,Yes,Yes,Yes,Yes,No,Yes,Yes,No,No,,,,NA,81837,111707915,52050,0,13%,1.32%,457,29%,52,6,0,9,67,24,29%,8,132,24%,15,2,0,1,10%,325,31%,37,4,0,8,22%,0,No,www.code.org/promote/HI,no school districts in the state,STEMworks,none,5,808,35,13,0,0,39,21,17,47,47,23,53,254000,1481,1069,1288,729,523,627,188,140691,3112,,,,,,,,,,,,,Debra Nakama,debran@hawaii.edu,Hilary Apana-McKee,Hilary_Apana-McKee/OCID/HIDOE@notes.k12.hi.us,NA,Katie Hendrickson,katie@code.org
IA,Iowa,2943,2.5,459,58,-2484,No,Other,Yes,Yes,Yes,Yes,Yes,Other,No,No,,,,NA,77486,228041210,44730,0,14%,1.00%,403,19%,32,8,1,0,41,41,19%,10,230,17%,8,5,0,0,13%,173,22%,24,3,1,0,12%,67%,Yes,www.code.org/promote/IA,no school districts in the state,New Bohemian Innovation Collaborative (NewBoCo),none,10,1881,48,61,0,2,27,24,16,47,31,48,30,904000,1958,1056,787,988,1004,533,211,339973,6869,,,,,,,Iowa is working towards bringing computer science to all secondary schools.,"Iowa has passed policy that is permissive and encouraging for schools to allow computer science to count for a core graduation requirement, but it is not a requirement for schools.",,,Working towards all high schools to offer CS,,NA,NA,NA,NA,NA,Sean Roberts,sean@code.org
ID,Idaho,1021,2.2,435,0,-586,Yes,Yes,Yes,Yes,Yes,Yes,Yes,Yes,No,Yes,,,,NA,72497,74019651,42240,0,16%,0.52%,278,21%,25,1,2,0,28,15,13%,0,140,21%,7,0,0,0,10%,138,21%,18,1,2,0,13%,66%,Other,www.code.org/promote/ID,no school districts in the state,Idaho Digital Learning Alliance,none,9,691,65,29,64,37,25,22,16,43,33,48,56,434000,1143,631,745,457,322,310,59,126166,3046,,,,,,,,,,,,,NA,NA,NA,NA,NA,Maggie Glennon,maggie@code.org
IL,Illinois,20478,3.5,2232,37,-18246,No,Yes,Yes,No,No,No,No,No,No,Yes,,,,NA,90919,1861832319,52410,1,16%,1.41%,6210,25%,914,202,8,2,1126,187,27%,30,3192,24%,277,65,4,1,20%,3018,27%,637,137,4,1,18%,65%,No,www.code.org/promote/IL,"Chicago Public Schools, Community High School District 117, Community Unit School District 300, Elmhurst Community Unit School District 205, Lake Zurich Community Unit School District 95, New Trier Township District 203, Northern Suburban Special Education District 804, Ridgewood High School District 234, Township High School District 113, and Warren Township High School District 121",Lumity,none,13,1949,251,115,215,230,18,17,13,46,53,17,56,2592000,19211,9116,14990,7430,6647,4339,2938,826229,16134,,,,,,,,,,,,,NA,NA,NA,NA,NA,Sean Roberts,sean@code.org
IN,Indiana,5010,2.8,1886,62,-3124,Yes,Yes,Yes,Yes,Yes,Yes,Yes,Yes,Yes,Yes,,,,NA,75109,376298294,43950,1,21%,0.95%,1743,22%,133,62,4,2,201,93,21%,16,823,17%,61,28,3,2,14%,920,27%,72,34,1,0,15%,60%,Other,www.code.org/promote/IN,no school districts in the state,Nextech,none,13,2521,129,86,22,25,20,17,17,44,31,40,39,1191000,9013,4930,5001,3657,3529,3389,782,479201,11686,,,,,,,,,,,,,Anne T. Ottenbreit-Leftwich,aleftwic@indiana.edu,Maureen Biggers,biggersm@indiana.edu,NA,Sean Roberts,sean@code.org
KS,Kansas,2396,2.3,435,26,-1961,Other,No,No,Yes,No,No,No,No,No,No,,,,NA,77116,184770607,44570,0,10%,0.34%,146,11%,12,0,1,0,13,24,17%,11,108,11%,4,0,0,0,13%,38,11%,8,0,1,0,8%,62%,No,www.code.org/promote/KS,no school districts in the state,Science City at Union Station,none,3,536,13,6,0,0,22,16,7,47,33,48,60,695000,1833,528,1178,703,751,132,57,180137,4686,Kansas is in the process of developing a state plan for K-12 computer science. ,,,,,,,,,,,,NA,NA,NA,NA,NA,Katie Hendrickson,katie@code.org
KY,Kentucky,2414,2.5,524,39,-1890,Other,Other,Yes,Yes,Yes,No,No,No,No,Yes,,,,NA,72489,174989436,42410,0,19%,0.96%,1337,28%,53,41,4,0,98,98,37%,37,369,20%,12,8,1,0,15%,968,31%,41,33,3,0,31%,61%,Yes,www.code.org/promote/KY,Greenup County Schools (K-5),Kentucky Science and Technology Corporation,none,11,460,57,80,0,0,16,16,14,44,25,46,67,787000,4149,3327,2170,2342,1543,1503,538,286022,4496,Kentucky is in the process of developing a state plan for K-12 computer science. ,,,,,,,"Kentucky has passed policy that is permissive and encouraging for schools to allow computer science to count for a core graduation requirement, but it is not a requirement for schools.",,,,,NA,NA,NA,NA,NA,Sean Roberts,sean@code.org
LA,Louisiana,2158,3.9,455,23,-1703,No,Yes,Yes,No,No,No,No,No,No,Yes,,,,NA,67957,146652156,41590,0,24%,0.46%,536,28%,49,92,0,2,143,43,15%,6,181,26%,20,24,0,0,6%,355,29%,29,68,0,2,11%,65%,No,www.code.org/promote/LA,no school districts in the state,McNeese State University,none,2,736,1,7,0,1,9,9,8,46,56,25,57,373000,2050,1949,924,587,955,961,150,169543,5341,,,,,,,,,,,,,NA,NA,NA,NA,NA,Alexis Harrigan,alexis@code.org
MA,Massachusetts,16523,2.6,2641,67,-13882,Other,Other,Yes,Yes,Other,Yes,Yes,No,No,Yes,,,,NA,103278,1706456115,62110,0,25%,2.00%,4181,27%,331,263,8,1,603,196,43%,28,2314,24%,144,84,1,0,32%,1867,30%,187,179,7,1,24%,70%,Other,www.code.org/promote/MA,"Arlington Public Schools, Chelmsford School District, Littleton Public Schools, Milton Public Schools, Needham Public Schools, Newton Public Schools, Waltham Public Schools, and Wellesley Public Schools","BATEC, UMass Boston",none,12,899,105,81,0,34,16,16,13,47,37,8,30,1736000,12508,8405,8389,7998,5064,3657,2279,375300,8247,Massachusetts is in the process of developing a state plan for K-12 computer science. ,,Massachusetts has historically funded computer science professional development. Massachusetts has an opportunity to expand computer science by designating state funds for computer science. ,,,,,"Massachusetts has passed policy that is permissive and encouraging for schools to allow computer science to count for a core graduation requirement, but it is not a requirement for schools.",,Historically dedicated funding to CS PD but not recently,,,Anne DeMallie,ademallie@doe.mass.edu,Paul Foster,fosterp@springfieldpublicschools.com,NA,Sean Roberts,sean@code.org
MD,Maryland,21847,3.9,3422,62,-18425,Yes,Yes,Yes,Yes,Yes,Yes,Yes,Yes,No,Yes,,,,NA,103646,2264350448,57270,0,22%,1.55%,5567,33%,431,695,6,2,1134,170,47%,20,2112,24%,150,217,2,0,38%,3455,39%,281,478,4,2,38%,76%,Yes,www.code.org/promote/MD,"Baltimore City Public Schools, Calvert County Public Schools, Charles County Public Schools, Frederick County Public Schools, Howard County Public Schools, Montgomery County Public Schools, and Prince Georges County Public Schools",Maryland Codes,none,15,1222,211,117,56,181,21,17,26,44,56,11,42,1607000,12485,5595,6738,6189,3452,4741,1935,511847,13394,,,,,,,,,,,,,Dianne O'Grady-Cunniff,dogrady@usmd.edu,Megean Garvin,mgarvin@umbc.edu,NA,Pat Yongpradit,pat@code.org
ME,Maine,1109,2.3,119,0,-990,Other,No,No,No,No,No,No,No,No,No,,,,NA,79127,87751521,45300,0,16%,1.08%,344,23%,8,3,0,1,12,30,22%,7,187,22%,3,1,0,1,13%,157,24%,5,2,0,0,11%,73%,Yes,www.code.org/promote/ME,no school districts in the state,Educate Maine and Maine Mathematics & Science Alliance,none,7,359,32,28,0,2,17,17,13,46,16,60,37,404000,1835,1002,1028,1019,557,352,165,85991,2473,Maine is in the process of developing a state plan for K-12 computer science. ,,,,,,,,,,,,NA,NA,NA,NA,NA,Sean Roberts,sean@code.org
MI,Michigan,10053,2.7,2103,0,-7950,No,Yes,No,Yes,Other,Yes,No,No,No,No,,,,www.votervoice.net/Code/campaigns/59886/respond,81575,820071867,48300,6,17%,0.93%,2931,26%,114,71,5,2,192,153,23%,68,1192,23%,39,8,2,0,11%,1739,28%,75,63,3,2,18%,61%,Yes,www.code.org/promote/MI,Utica Community Schools,West Shore ESD,none,23,1013,120,185,29,4,18,16,12,45,31,31,41,2316000,11163,6698,4806,5708,5193,2430,962,647255,11133,,,Michigan encourages the use of state funds for computer science or computer science professional development. Michigan has an opportunity to expand computer science by designating state funds for computer science. ,,,,,,,Encourages the use of state funds for CS PD but no dedicated funding,,,NA,NA,NA,NA,NA,Maggie Glennon,maggie@code.org
MN,Minnesota,10994,2.3,1236,0,-9758,No,Yes,No,No,No,No,No,No,No,No,,,,NA,91925,1010620921,52730,0,17%,0.98%,1480,21%,79,44,1,4,128,65,21%,6,879,19%,34,26,0,2,16%,601,22%,45,18,1,2,10%,64%,Other,www.code.org/promote/MN,no school districts in the state,Twin Cities Public Television,none,7,1317,30,27,0,2,20,10,7,48,32,39,24,1563000,9034,4128,3164,4704,2038,999,694,434526,8909,,,,,,,,,,,,,Jennifer Rosato,jrosato@css.edu,NA,NA,NA,Maggie Glennon,maggie@code.org
MO,Missouri,8728,2.9,1378,38,-7350,No,Yes,Yes,Yes,Yes,No,No,No,No,No,,,,NA,82368,718910522,45520,0,18%,0.95%,803,21%,32,38,3,0,73,80,25%,11,509,19%,18,19,1,0,17%,294,26%,14,19,2,0,15%,71%,Other,www.code.org/promote/MO,no school districts in the state,Institute for School Partnership at Washington University in St. Louis and Science City at Union Station,none,9,944,42,31,0,0,17,13,7,46,37,34,45,1357000,3606,2269,2547,1716,1567,942,399,415430,8974,,,,,,,,,,,,,NA,NA,NA,NA,NA,Katie Hendrickson,katie@code.org
MS,Mississippi,1175,3.5,207,47,-968,No,Yes,Yes,Yes,Yes,No,No,No,No,Yes,,,,NA,70798,83187862,38910,0,16%,0.11%,191,34%,9,29,1,1,40,20,10%,7,9,0%,0,0,0,0,2%,182,36%,9,29,1,1,10%,78%,No,www.code.org/promote/MS,no school districts in the state,Mississippi State University,none,10,725,173,32,0,0,20,18,8,49,41,73,73,150000,1076,933,493,387,813,165,16,156643,3982,,,,,,,,,,,,,Shelly Hollis,shelly.hollis@rcu.msstate.edu,NA,NA,NA,Alexis Harrigan,alexis@code.org
MT,Montana,471,1.3,99,45,-372,No,Other,Yes,Other,No,Yes,No,No,No,No,,,,NA,64115,30198349,42400,0,11%,0.18%,40,18%,1,0,0,0,1,6,6%,4,30,23%,1,0,0,0,1%,10,0%,0,0,0,0,5%,57%,Other,www.code.org/promote/MT,no school districts in the state,none,none,9,287,28,25,0,0,18,9,16,45,22,76,30,185000,485,374,120,341,116,4,9,58659,1693,,Montana is in the process of developing K-12 computer science standards.,,,,,,"Montana has passed policy that is permissive and encouraging for schools to allow computer science to count for a core graduation requirement, but it is not a requirement for schools.",,,,K-12 CS standards in progress,NA,NA,NA,NA,NA,Maggie Glennon,maggie@code.org
NC,North Carolina,15706,3.3,1561,45,-14145,Yes,Yes,Yes,Other,Yes,No,Yes,No,No,No,,,,NA,91422,1435870163,46080,0,20%,0.98%,3229,27%,221,241,7,2,471,117,18%,22,1243,21%,78,97,3,0,10%,1986,31%,143,144,4,2,15%,69%,Yes,www.code.org/promote/NC,"Alamance-Burlington School System, Chatham County Schools, Durham Public Schools, Franklin County School, Granville County Schools, Johnston County Schools, Orange County Schools, Rockingham County Schools, Warren County Schools, and Wilson County Schools",The Friday Institute,none,14,2870,178,44,0,38,17,18,8,44,40,40,51,2456000,11770,6626,4421,10183,3806,12482,1425,651058,15727,,North Carolina is in the process of developing K-12 computer science standards.,,,,,,,,,,K-12 CS standards in progress,Deborah Seehorn,deborah.seehorn@outlook.com,Dave Frye,dafrye@ncsu.edu,NA,Sean Roberts,sean@code.org
ND,North Dakota,573,1.7,162,41,-411,Yes,Yes,Yes,Yes,No,No,No,No,No,No,,,,NA,70218,40234943,48130,0,10%,1.27%,69,9%,1,2,1,0,4,12,22%,2,54,9%,1,2,0,0,13%,15,7%,0,0,1,0,6%,0,No,www.code.org/promote/ND,no school districts in the state,EduTech,none,2,318,7,3,0,0,22,11,7,45,26,55,11,104000,354,151,170,1,95,6,35,49638,1702,,,,,,,,,,,,,NA,NA,NA,NA,NA,Maggie Glennon,maggie@code.org
NE,Nebraska,2306,2.5,539,40,-1767,Other,Other,No,No,No,No,No,No,No,No,,,,NA,78795,181700878,45530,0,17%,0.67%,237,14%,18,5,0,0,23,29,32%,10,95,11%,9,4,0,0,18%,142,16%,9,1,0,0,15%,63%,No,www.code.org/promote/NE,Lincoln Public School,University of Nebraska,none,7,314,31,24,0,1,21,14,12,48,40,26,41,686000,1203,447,713,602,394,110,88,238031,3587,,Nebraska is in the process of developing a state plan for K-12 computer science. ,,,,,,"Nebraska has passed policy that is permissive and encouraging for schools to allow computer science to count for a core graduation requirement, but it is not a requirement for schools.",,,,,NA,NA,NA,NA,NA,Maggie Glennon,maggie@code.org
NH,New Hampshire,1570,1.8,586,49,-984,Yes,Other,Yes,Yes,No,Yes,Yes,Yes,Yes,No,,,,NA,92199,144751755,51040,2,19%,1.34%,416,27%,9,2,1,0,12,28,24%,8,201,24%,5,1,0,0,17%,215,29%,4,1,1,0,12%,66%,Yes,www.code.org/promote/NH,no school districts in the state,UNH STEM Teachers' Collaborative,none,6,232,27,20,0,0,15,20,12,46,24,48,14,320000,1791,740,928,852,693,267,167,71026,1719,,,,,,,,"New Hampshire has passed policy that is permissive and encouraging for schools to allow computer science to count for a core graduation requirement, but it is not a requirement for schools.",,,,,Rosabel Deloge,rosabel.deloge@gmail.com,NA,NA,NA,Katie Hendrickson,katie@code.org
NJ,New Jersey,14821,2.9,1642,59,-13179,No,Yes,Yes,Yes,Yes,No,No,Yes,No,No,,,,NA,107260,1589699126,56970,3,17%,2.21%,6617,28%,750,237,5,8,1000,253,44%,34,3853,25%,354,133,5,2,41%,2764,33%,396,104,0,6,25%,75%,Yes,www.code.org/promote/NJ,Cresskill Public Schools,TCNJ Center for Excellence in STEM Education,none,10,3277,74,42,0,4,21,21,14,47,48,6,32,5503000,15222,8598,11207,7042,6211,4300,3056,606871,12871,,,,,,,,,,,,,NA,NA,NA,NA,NA,Pat Yongpradit,pat@code.org
NM,New Mexico,1930,3.3,169,23,-1761,No,Yes,No,Yes,Yes,No,No,No,No,No,,,,NA,80195,154777026,44840,0,19%,0.47%,203,22%,81,4,12,0,97,21,16%,3,101,19%,37,3,0,0,12%,102,25%,44,1,12,0,10%,70%,Other,www.code.org/promote/NM,no school districts in the state,New Mexico CS Alliance,none,7,558,20,19,0,0,15,11,6,43,71,24,71,264000,1428,752,567,500,468,234,79,96635,2321,,,,,,,,,,,,,NA,NA,NA,NA,NA,Alexis Harrigan,alexis@code.org
NV,Nevada,2157,3.2,163,57,-1994,Yes,Yes,Yes,Yes,Yes,Yes,Yes,Yes,Yes,Yes,,,,NA,76681,165400572,45040,0,25%,0.30%,877,33%,272,47,2,4,325,31,25%,4,131,15%,24,9,1,1,14%,746,36%,248,38,1,3,27%,0,No,www.code.org/promote/NV,Clark County School District,Southern Nevada Regional Professional Development Program,none,15,3180,84,88,0,31,36,25,25,45,58,11,62,650000,2672,1934,1900,1395,894,1058,104,281108,7827,,,,,,,,,,,,,Cindi Chang,cchang@doe.nv.gov,NA,NA,https://www.stemhub.nv.gov/csfornv,Alexis Harrigan,alexis@code.org
NY,New York,23230,3.1,5232,44,-17998,No,Other,Yes,Other,Yes,No,No,No,No,No,,,,NA,103853,2412516573,60100,0,21%,1.35%,10372,35%,1649,969,22,24,2664,407,35%,68,4422,27%,481,211,6,5,17%,5950,40%,1168,758,16,19,20%,70%,Yes,www.code.org/promote/NY,NYC Department of Education,Mouse and WNY STEM Hub,none,20,2406,194,148,50,122,18,14,13,47,55,14,57,3612000,26049,18163,17568,9364,8498,8086,3761,1214096,26225,,New York is in the process of developing K-12 computer science standards.,,,,,,"New York has passed policy that is permissive and encouraging for schools to allow computer science to count for a core graduation requirement, but it is not a requirement for schools.",,,,K-12 CS standards in progress,NA,NA,NA,NA,NA,Katie Hendrickson,katie@code.org
OH,Ohio,13900,2.7,1462,0,-12438,No,Yes,Yes,Yes,Yes,Yes,Yes,No,No,No,,,,NA,85576,1189510292,46950,0,15%,0.95%,2739,23%,125,177,3,3,308,141,19%,10,1326,20%,53,48,0,0,10%,1413,25%,72,129,3,3,13%,65%,No,www.code.org/promote/OH,"Blanchester Local Schools, Canal Winchester Local Schools, Columbus City School District, Metro Early College High School, New Albany Plain Local Schools, Newark City Schools, Oak Hills Local School District, Reynoldsburg City School District, Strongsville School District, and Vermilion Local School District",Battelle Education,none,10,1825,99,74,16,32,14,15,13,45,35,33,35,1786000,13211,6122,6894,6512,4846,2546,1149,782160,13751,,,,,,,,,,,,,Debbie K Jackson,d.jackson1@csuohio.edu,NA,NA,NA,Katie Hendrickson,katie@code.org
OK,Oklahoma,2160,2.7,510,29,-1650,No,Yes,Yes,Yes,No,No,No,Other,No,Yes,,,,NA,73599,158974877,43340,4,15%,0.61%,522,21%,66,23,10,0,99,56,19%,27,225,16%,19,7,3,0,9%,297,25%,47,16,7,0,13%,67%,Other,www.code.org/promote/OK,no school districts in the state,Oklahoma Public School Resource Center (OPSRC),none,7,368,27,40,0,1,11,11,12,43,46,46,69,438000,2734,1636,1669,1097,1204,773,187,170404,4266,,,,,,,Oklahoma is working towards bringing computer science to all secondary schools.,,,,Working towards all high schools to offer CS,,NA,NA,NA,NA,NA,Katie Hendrickson,katie@code.org
OR,Oregon,4720,2.4,834,37,-3886,No,Other,No,No,No,No,No,No,No,No,,,,NA,89447,422188660,51010,0,19%,0.88%,762,24%,50,6,6,4,66,32,14%,7,306,22%,16,1,2,2,7%,456,25%,34,5,4,2,10%,57%,Yes,www.code.org/promote/OR,Beaverton School District,George Fox University,none,3,752,0,3,0,0,17,18,10,43,35,22,60,943000,3172,1495,1372,1388,1173,1005,281,278010,6895,,,,,,,,"Oregon allows schools to count computer science for a core graduation requirement. The policy is not written down and publicly accessible, but we are working with the state to release public documentation.",,,,,Joanna Goode,goodej@uoregon.edu,Jill Hubbard,jill.m.hubbard@gmail.com,NA,Maggie Glennon,maggie@code.org
PA,Pennsylvania,17895,2.8,3769,56,-14126,No,Yes,No,Yes,Yes,Yes,Yes,No,No,No,,,,NA,87822,1571568964,48760,0,22%,1.48%,4010,23%,194,103,7,5,309,240,30%,34,2150,19%,105,50,2,2,23%,1860,28%,89,53,5,3,17%,71%,Other,www.code.org/promote/PA,no school districts in the state,Allegheny Intermediate Unit 3 and Delaware County Intermediate Unit,none,23,3811,134,89,0,5,17,12,14,47,35,25,30,2512000,14524,7550,8611,7187,6102,3048,1891,962710,17896,,,,,,,,"Pennsylvania has passed policy that is permissive and encouraging for schools to allow computer science to count for a core graduation requirement, but it is not a requirement for schools.",,,,,NA,NA,NA,NA,NA,Katie Hendrickson,katie@code.org
RI,Rhode Island,1459,3.3,442,86,-1017,Yes,Other,No,Yes,Yes,No,No,Other,No,No,,,,NA,90293,131737399,53110,0,25%,0.79%,528,28%,60,19,0,1,80,32,44%,3,169,24%,6,2,0,1,23%,359,30%,54,17,0,0,37%,0,No,www.code.org/promote/RI,no school districts in the state,University of Rhode Island,the State of Rhode Island,9,1011,18,21,0,0,39,26,18,47,45,18,41,366000,1265,877,884,569,485,438,94,124900,3259,,,,,,,Rhode Island is working towards bringing computer science to all secondary schools.,"Rhode Island allows computer science to count for a core graduation requirement. This policy is not written down and publicly accessible, but we are working with the state to release public documentation. ",,,Working towards all high schools to offer CS,,Carol M. Giuriceo,cgiuriceo@ric.edu,Vic Fay-Wolfe,vfaywolfe@uri.edu,https://www.cs4ri.org/,Katie Hendrickson,katie@code.org
SC,South Carolina,3458,2.6,689,69,-2769,Other,Yes,Yes,Yes,Yes,No,No,Yes,No,Yes,,,,NA,76045,262962815,42240,0,18%,0.76%,1045,29%,98,148,4,0,250,55,19%,7,380,22%,31,47,3,0,10%,665,33%,67,101,1,0,14%,73%,Yes,www.code.org/promote/SC,no school districts in the state,The STEM Center of Excellence at the Citadel,none,12,1276,61,64,0,0,13,15,13,45,44,42,57,1690000,4311,2940,1987,2425,1435,1119,374,295474,8349,South Carolina is in the process of developing a state plan for K-12 computer science. ,,,,,,,,,,,,Eileen Kraemer,etkraem@clemson.edu,NA,NA,NA,Pat Yongpradit,pat@code.org
SD,South Dakota,632,2.1,213,0,-419,No,Yes,No,No,No,No,No,No,No,No,,,,NA,65621,41472681,40770,0,15%,0.62%,19,21%,3,0,0,0,3,2,3%,0,2,0%,0,0,0,0,3%,17,24%,3,0,0,0,1%,52%,Other,www.code.org/promote/SD,no school districts in the state,Technology & Innovation in Education,none,13,1142,39,14,0,2,25,21,16,47,25,59,13,192000,515,300,231,177,276,118,26,107133,2787,,,,,,,,,,,,,NA,NA,NA,NA,NA,Maggie Glennon,maggie@code.org
TN,Tennessee,5328,3,734,0,-4594,Other,Yes,Yes,No,No,No,No,No,No,No,,,,NA,78025,415715069,43550,0,17%,0.71%,1274,31%,105,162,2,2,271,63,16%,13,429,25%,16,25,1,1,8%,845,33%,89,137,1,1,13%,63%,Other,www.code.org/promote/TN,no school districts in the state,Tennessee STEM Innovation Network,none,8,1607,45,47,0,3,16,14,9,45,35,40,54,864000,4185,2754,2683,2285,2128,1431,395,417149,9706,Tennessee is in the process of developing a state plan for K-12 computer science. ,,,,,,,,,,,,NA,NA,NA,NA,NA,Alexis Harrigan,alexis@code.org
TX,Texas,37036,3.2,3563,0,-33473,Other,Yes,Yes,No,Other,Yes,No,Yes,No,Yes,,,,NA,93518,3463521167,48700,15,19%,1.12%,11306,27%,3013,482,25,12,3532,462,25%,63,6475,24%,1487,228,13,9,22%,4831,31%,1526,254,12,3,15%,70%,No,www.code.org/promote/TX,"Aldine Independent School District, Dallas Independent School District, Grapevine-Colleyville ISD, and Houston Independent School District",Texas Advanced Computing Center at the University of Texas at Austin and Rice University,none,37,10080,215,159,69,57,15,15,10,44,66,21,63,4361000,33394,19894,44795,16459,12610,14059,6060,1575624,45691,Texas is in the process of developing a state plan for K-12 computer science. ,,Texas encourages the use of state funds for computer science or computer science professional development. Texas has an opportunity to expand computer science by designating state funds for computer science. ,,,,,,,Encourages the use of state funds for CS PD but no dedicated funding,,,Carol Fletcher,Carol.fletcher@utexas.edu,NA,NA,NA,Alexis Harrigan,alexis@code.org
UT,Utah,4663,2.6,1080,66,-3583,Yes,Yes,Yes,Yes,Yes,Yes,Yes,No,No,No,,,,NA,84395,393535657,46460,1,13%,0.31%,376,23%,62,6,1,1,70,32,16%,0,120,15%,9,2,0,0,8%,256,27%,53,4,1,1,11%,65%,No,www.code.org/promote/UT,Canyons School District and Provo Public Schools,Utah STEM Action Center,none,8,1058,98,61,29,53,31,32,31,45,31,13,19,1142000,4441,1676,1923,2358,972,510,129,469890,8169,,,,,,,,,,,,,Helen Hu,hhu@westminstercollege.edu,Brandon Jacobson,Brandon.Jacobson@schools.utah.gov,NA,Alexis Harrigan,alexis@code.org
VA,Virginia,40321,4.1,1865,66,-38456,No,Yes,Yes,Yes,Yes,Yes,Yes,Yes,Yes,No,,,,NA,105606,4258143961,53980,0,19%,1.85%,5005,27%,391,313,5,11,720,158,34%,24,3203,25%,240,174,4,7,31%,1802,30%,151,139,1,4,18%,64%,No,www.code.org/promote/VA,no school districts in the state,CodeVA,none,12,1343,163,80,104,111,16,14,11,43,38,44,43,1747000,14172,6798,8143,6752,4142,6306,2856,572535,16794,,,,,,,,,,,,,Chris Dovi,cdovi@codevirginia.org,Rebecca Dovi,rebeccadovi@codevirginia.org,NA,Pat Yongpradit,pat@code.org
VT,Vermont,683,2.1,266,27,-417,No,Other,Yes,No,No,Yes,No,No,No,No,,,,NA,78681,53739123,47620,0,16%,1.09%,129,12%,2,2,0,0,4,11,16%,0,82,11%,1,1,0,0,11%,47,15%,1,1,0,0,8%,62%,Other,www.code.org/promote/VT,no school districts in the state,Vermont Computer Science Alliance,none,0,137,0,1,0,0,7,3,3,43,3,49,19,179000,825,591,320,395,308,134,70,27811,1002,,,,,,,,"Vermont has passed policy that is permissive and encouraging for schools to allow computer science to count for a core graduation requirement, but it is not a requirement for schools.",,,,,NA,NA,NA,NA,NA,Maggie Glennon,maggie@code.org
WA,Washington ,17729,2.3,1700,0,-16029,No,Yes,Yes,Yes,Yes,Yes,Yes,Yes,No,Yes,,,,NA,107853,1912125837,55810,0,24%,2.23%,3002,27%,238,60,10,5,313,155,36%,20,2020,27%,110,32,6,3,25%,982,27%,128,28,4,2,20%,65%,No,www.code.org/promote/WA,"Bainbridge Island School District, Bellevue School District, Bremerton School District, Central Valley School District, Cheney School District, Clover Park School District, East Valley School District, Eatonville School District, Enumclaw School District, Everett Public Schools, Franklin Pierce School District, Highline School District, Marysville School District, Shoreline School District, Spokane Public Schools, Tacoma Public Schools, Tukwila School District, and West Valley School District",AVID,none,21,2611,207,122,117,129,29,21,15,45,38,16,45,5022000,9383,4384,4607,3543,3247,2946,1945,1001785,33358,,,,,,,,,,,,,Andy J Ko,ajko@uw.edu,Shannon Thissen,Shannon.Thissen@k12.wa.us,https://sites.google.com/uw.edu/csforallwa/,Maggie Glennon,maggie@code.org
WI,Wisconsin,6801,2.3,1190,42,-5611,No,Yes,Yes,Yes,No,Yes,No,Other,No,No,,,,NA,75912,516277512,45240,2,17%,0.79%,1498,20%,83,20,2,2,107,87,17%,19,700,20%,46,6,1,1,12%,798,19%,37,14,1,1,13%,61%,Other,www.code.org/promote/WI,Janesville School District,Marquette University,none,11,1986,99,43,4,0,18,15,10,45,36,35,26,1402000,8246,4106,4116,3919,2755,1560,591,372107,9151,,,,,,,Wisconsin does not require all high schools to offer CS,,,,Does not require all high schools to offer CS,,NA,NA,NA,NA,NA,Sean Roberts,sean@code.org
WV,West Virginia,1134,2.6,202,46,-932,Other,Yes,Yes,Yes,No,No,Yes,Yes,No,No,,,,NA,71150,80684100,40250,0,15%,0.73%,255,31%,5,4,0,0,9,25,20%,10,101,27%,3,3,0,0,10%,154,33%,2,1,0,0,14%,64%,Other,www.code.org/promote/WV,no school districts in the state,West Virginia University,none,7,403,45,30,0,0,12,11,8,44,18,43,36,212000,1075,834,303,455,446,371,97,89970,2319,West Virginia is in the process of developing a state plan for K-12 computer science. ,,,,,,,,,,,,NA,NA,NA,NA,NA,Katie Hendrickson,katie@code.org
WY,Wyoming,260,2.5,42,60,-218,Yes,Yes,Yes,Other,Other,No,Yes,Yes,Yes,Yes,,,,NA,63223,16437980,46840,0,7%,0.21%,38,26%,2,1,0,0,3,8,19%,3,11,9%,0,0,0,0,13%,27,33%,2,1,0,0,13%,0,No,www.code.org/promote/WY,no school districts in the state,University of Wyoming,none,6,760,32,18,0,0,31,26,15,47,25,62,25,109000,376,177,186,130,85,80,6,71068,1934,,Wyoming is in the process of developing K-12 computer science standards.,Wyoming encourages the use of state funds for computer science or computer science professional development. Wyoming has an opportunity to expand computer science by designating state funds for computer science. ,,,,,,,Encourages the use of state funds for CS PD but no dedicated funding,,K-12 CS standards in progress,NA,NA,NA,NA,NA,Alexis Harrigan,alexis@code.org
Sum_states,,483935,,63744,,,,,,,,,,,,,,,,,,,,,,,,,,,,,,,,,,,,,,,,,,,,,,,,,,,,,,,,,,,,,,,,,,,,,,,,,,,,,,,,,,,,,,,,,,,,,,
